insert into `users` (username, email, first_name, last_name, address, gender, password) values ('VPupkin', 'Fs9finalProject@gmail.com', 'Vasya', 'Pupkin', 'New York', 'Male', '$2a$10$LMIeRo24aGv/s.pIuqD8BuaskzA1PPpycjxpn.xihwZIT2L1wwK96');
insert into `users` (username, email, first_name, last_name, address, gender, password) values ('KPupkin', 'Katya@gmail.com', 'Katya', 'Pupkin', 'New York', 'Male', '$2a$10$LMIeRo24aGv/s.pIuqD8BuaskzA1PPpycjxpn.xihwZIT2L1wwK96');
insert into `users` (username, email, first_name, last_name, address, gender, password) values ('PMatroskin', 'Petya@gmail.com', 'Petya', 'Matroskin', 'Wuhan','Male', '$2a$10$LMIeRo24aGv/s.pIuqD8BuaskzA1PPpycjxpn.xihwZIT2L1wwK96');

insert into `friend_requests` (id, requester, receiver) values (1, 'VPupkin', 'PMatroskin');
insert into `friend_requests` (id, requester, receiver) values (2, 'VPupkin', 'KPupkin');

insert into `user_friends` (id, user1, user2) values (1, 'VPupkin', 'KPupkin');
insert into `user_friends` (id, user1, user2) values (2, 'KPupkin', 'VPupkin');

insert into `posts` (post_id, author, owner, date, text) values (1, 'PMatroskin', 'VPupkin', '2020-1-1', 'BOOZY Strawberry Pineapple Popsicles are PERFECT FOR LABOR DAY!!! They are full of fresh ingredients and a kick of rum...Why make traditional cocktails when you can have fun adult popsicles?!');
insert into `posts` (post_id, author, owner, date, text) values (2, 'PMatroskin', 'VPupkin', '2020-1-2', 'This strawberry sauce has only 3 INGREDIENTS (strawberries, sugar and lemon) and is so quick and easy to make! A deliciously versatile sauce or topping for desserts like cakes and ice cream, for pancakes and waffles and so much more!');
insert into `posts` (post_id, author, owner, date, text) values (3, 'PMatroskin', 'VPupkin', '2020-1-3', 'These BEST EVER SOFT PEANUT BUTTER COOKIES have been a huge hit this summer on the blog. Make them & find out why.');
insert into `posts` (post_id, author, owner, date, text) values (4, 'PMatroskin', 'VPupkin', '2020-1-4', 'The easy layers in this Cherry Oreo Icebox Cake make this the perfect no bake dessert for summer!');
insert into `posts` (post_id, author, owner, date, text) values (5, 'PMatroskin', 'VPupkin', '2020-1-5', 'SNICKERS RICE KRISPIE TREATS: Gooey caramel, salty peanuts, and rich chocolate on top of traditional rice krispie treats. Everyone will go crazy for these.');
insert into `posts` (post_id, author, owner, date, text) values (6, 'PMatroskin', 'VPupkin', '2020-1-6', '6Some text from owner Pupkin and author Matroskin');
insert into `posts` (post_id, author, owner, date, text) values (7, 'PMatroskin', 'VPupkin', '2020-1-7', '7Some text from owner and author Matroskin');
insert into `posts` (post_id, author, owner, date, text) values (8, 'PMatroskin', 'VPupkin', '2020-1-8', '8Some text from owner Pupkin and author Matroskin');
insert into `posts` (post_id, author, owner, date, text) values (9, 'PMatroskin', 'VPupkin', '2020-1-9', '9Some text from owner and author Matroskin');
insert into `posts` (post_id, author, owner, date, text) values (10, 'PMatroskin', 'VPupkin', '2020-1-10', '10Some text from owner Pupkin and author Matroskin');
insert into `posts` (post_id, author, owner, date, text) values (11, 'PMatroskin', 'VPupkin', '2020-1-11', '11Some text from owner and author Matroskin');
insert into `posts` (post_id, author, owner, date, text) values (12, 'PMatroskin', 'VPupkin', '2020-1-12', '12Some text from owner Pupkin and author Matroskin');
insert into `posts` (post_id, author, owner, date, text) values (13, 'PMatroskin', 'VPupkin', '2020-1-13', '13Some text from owner and author Matroskin');
insert into `posts` (post_id, author, owner, date, text) values (14, 'PMatroskin', 'VPupkin', '2020-1-14', '14Some text from owner Pupkin and author Matroskin');
insert into `posts` (post_id, author, owner, date, text) values (15, 'PMatroskin', 'VPupkin', '2020-1-15', '15Some text from owner and author Matroskin');
insert into `posts` (post_id, author, owner, date, text) values (16, 'PMatroskin', 'VPupkin', '2020-1-16', '16Some text from owner Pupkin and author Matroskin');
insert into `posts` (post_id, author, owner, date, text) values (17, 'PMatroskin', 'VPupkin', '2020-1-17', '17Some text from owner and author Matroskin');
insert into `posts` (post_id, author, owner, date, text) values (18, 'PMatroskin', 'VPupkin', '2020-1-18', '18Some text from owner Pupkin and author Matroskin');
insert into `posts` (post_id, author, owner, date, text) values (19, 'PMatroskin', 'VPupkin', '2020-1-19', '19Some text from owner and author Matroskin');
insert into `posts` (post_id, author, owner, date, text) values (20, 'PMatroskin', 'VPupkin', '2020-1-20', '20Some text from owner Pupkin and author Matroskin');
insert into `posts` (post_id, author, owner, date, text) values (21, 'PMatroskin', 'VPupkin', '2020-1-21', '21Some text from owner and author Matroskin');
insert into `posts` (post_id, author, owner, date, text) values (22, 'PMatroskin', 'VPupkin', '2020-1-22', '22Some text from owner Pupkin and author Matroskin');
insert into `posts` (post_id, author, owner, date, text) values (23, 'PMatroskin', 'VPupkin', '2020-1-23', '23Some text from owner and author Matroskin');
insert into `posts` (post_id, author, owner, date, text) values (24, 'PMatroskin', 'VPupkin', '2020-1-24', '24Some text from owner Pupkin and author Matroskin');
insert into `posts` (post_id, author, owner, date, text) values (25, 'PMatroskin', 'VPupkin', '2020-1-25', '24Some text from owner and author Matroskin');
insert into `posts` (post_id, author, owner, date, text) values (26, 'PMatroskin', 'VPupkin', '2020-1-26', '26Some text from owner Pupkin and author Matroskin');
insert into `posts` (post_id, author, owner, date, text) values (27, 'PMatroskin', 'VPupkin', '2020-1-27', '27Some text from owner and author Matroskin');
insert into `posts` (post_id, author, owner, date, text) values (28, 'PMatroskin', 'VPupkin', '2020-1-28', '28Some text from owner Pupkin and author Matroskin');
insert into `posts` (post_id, author, owner, date, text) values (29, 'PMatroskin', 'VPupkin', '2020-1-29', '29Some text from owner and author Matroskin');
insert into `posts` (post_id, author, owner, date, text) values (30, 'PMatroskin', 'VPupkin', '2020-1-30', '30Some text from owner Pupkin and author Matroskin');
insert into `posts` (post_id, author, owner, date, text) values (31, 'VPupkin', 'VPupkin', '2020-1-31', '31Some text from owner and author Pupkin');
insert into `posts` (post_id, author, owner, date, text) values (32, 'PMatroskin', 'VPupkin', '2020-2-1', '32Some text from owner Pupkin and author Matroskin');
insert into `posts` (post_id, author, owner, date, text) values (36, 'VPupkin', 'KPupkin', '2020-1-1', '1Some text from KPupkin');
insert into `posts` (post_id, author, owner, date, text) values (37, 'PMatroskin', 'KPupkin', '2020-1-2', '2Some text from owner KPupkin and author Matroskin');

insert into `comments` (id, text, post_id, username) values (1, 'It is a good idea, Matroskin', 1, 'VPupkin');
insert into `comments` (id, text, post_id, username) values (2, 'I know, Pupkin', 1, 'PMatroskin');

insert into `likes` (id, username, post_id) values (1, 'VPupkin', 1);
insert into `likes` (id, username, post_id) values (2, 'KPupkin', 1);
